title,slug
1-800-Magic,1-800-magic
30 Morbid Minutes,thirty-morbid-minutes
7 Wonderings,7-wonderings
A Look Back At,a-look-back-at
A Simple Walk,a-simple-walk
A Spot of Science,a-spot-of-science
AH Animated,ah-animated
AH Predicts,ah-predicts
AHWU,ahwu
ANMA Podcast,anma-podcast
Achieve It Yourself!,achieve-it-yourself
Achievement HORSE,achievement-horse
Achievement HUNT,achievement-hunt
Achievement Hunter,achievement-hunter
Achievement Hunter Stream Archive,achievement-hunter-stream-archive
Achievement Hunter Wrestling,achievement-hunter-wrestling
Achievement Unlocked,achievement-unlocked
All Your History Are Belong To Us,all-your-history-are-belong-to-us
Alternative Lifestyle,alternative-lifestyle
Always Open,always-open
Always Open: Still Open,still-open
Amazon Prime Time,amazon-prime-time
Anim Jam,anim-jam
Annual Pass,annual-pass
Are You Fucking Kidding Me,are-you-fucking-kidding-me
Arizona Circle,arizona-circle
Assassin's Creed Musical,assassin-s-creed-musical
Available Now Podcast,available-now-podcast
BENEATH,beneath
Backwardz Compatible,backwardz-compatible
Barbara Vlogs,barbara-vlogs
Behind the Cow Chop,behind-the-cow-chop
Best Friends Simulator,best-friends-simulator
Best Friends TV,best-friends-tv
Best of Achievement Hunter,best-of-achievement-hunter
Between the Games,between-the-games
Beyond the Pine,beyond-the-pine
Black Box Down,black-box-down
Black Box Down Aviation Explanation,black-box-down-aviation-explanation
Black Heritage Month,black-heritage-month
Blood Fest,blood-fest
Bloopers,bloopers
Board as Hell,board-as-hell
Boss Battles,boss-battles
Box Peek,box-peek
Buff Buddies,buff-buddies
Burnie Vlog,burnie-vlog
CCTV,cctv
CHUMP,chump
CHUMP: Chump Change,chump-post-show
CRWBY: Behind the Episode,c-r-w-b-y-behind-the-episode
Camp Betrayal,camp-betrayal
Camp Camp,camp-camp
Captain Dynamic,captain-dynamic
Castle Super Beast,castle-super-beast
Challenge Accepted,challenge-accepted
Cheap Game / Cheap Life,cheap-game-cheap-life
Class Of 198X,class-of-198-x
Club Club,club-club
Co-op Adventures!,co-op-adventures
Comics Experiment,comics-experiment
Comicstorian Rants and Reviews,comicstorian-rants-and-reviews
Community and Coffee,community-and-coffee
Complete Story,complete-story
Cooking With Greggy,cooking-with-greggy
Countdown,countdown
Cow Chop,cow-chop
Cow Chop Gaming,cow-chop-gaming
Cow Chop VR,cow-chop-vr
Cozy Couch,cozy-couch
Crunch Time,crunch-time
Cult Podcast,cult-podcast
CypherDen's Adventures,cypherden-s-adventures
"D&D, But...",d-d-but
DBX,dbx
DEATH BATTLE Cast,death-battle-cast
DEATH BATTLE Fight Previews,death-battle-previews
DEATH BATTLE!,death-battle
Day 5,day5
Dead Little Roosters,dead-little-roosters
Death Battle Bloopers,death-battle-bloopers
Death Battle Cast: Sudden Death,sudden-death
Death Battle With Commentary,death-battle-with-commentary
Death Race,death-race
Debatable,debatable
Definitely Not a Talk Show,definitely-not-a-talk-show
Demo Disk,demo-disk
Demo Wheel,demo-wheel
Desk of DEATH BATTLE,desk-of-death-battle
Disney and Pixar by the Super Carlin Brothers,disney-and-pixar-by-the-super-carlin-brothers
Does it Do?,does-it-do
Dog Pound Exclusives,the-vault-members-only
Dogbark,dogbark
Dogbark Plays,dogbark-plays
Doom Patrol,doom-patrol
Drunk Tank,drunk-tank
Dude Soup Post Show,fan-show
ESPORTS EJECTS,esports-ejects
Easter Eggs,easter-eggs
Easy Allies Podcast,easy-allies-podcast
Enjoy the Show,enjoy-the-show
Enjoy the Show: After The Credits,after-the-credits
Entertainment News,entertainment-news
Every Batman Movie Reviewed and Ranked,every-batman-movie-reviewed-and-ranked
Every Christopher Nolan Movie Reviewed & Ranked,every-christopher-nolan-movie-reviewed-ranked
Every Conjuring Cinematic Universe Movie Reviewed and Ranked,every-conjuring-cinematic-universe-movie-reviewed-and-ranked
Every DC Extended Universe movie reviewed & ranked,every-dc-extended-universe-movie-reviewed-ranked
Every Edgar Wright Movie Reviewed & Ranked,every-edgar-wright-movie-reviewed-ranked
Every Fast and Furious Movie Reviewed & Ranked,every-fast-and-furious-movie-reviewed-ranked
Every Harry Potter Movie Reviewed & Ranked,every-harry-potter-movie-reviewed-ranked
Every Indiana Jones Movie Reviewed & Ranked,every-indiana-jones-movie-reviewed-ranked
Every John Wick Movie Reviewed & Ranked,every-john-wick-movie-reviewed-ranked
Every Karate Kid Movie Reviewed & Ranked,every-karate-kid-movie-reviewed-ranked
Every Kevin Smith Movie Reviewed & Ranked,every-kevin-smith-movie-reviewed-ranked
Every Lord of the Rings Movie Reviewed & Ranked,every-lord-of-the-rings-movie-reviewed-ranked
Every Marvel Cinematic Universe Movie Reviewed & Ranked,every-marvel-cinematic-universe-movie-reviewed-ranked
Every Mission: Impossible movie reviewed & ranked,every-mission-impossible-movie-reviewed-ranked
Every Monsterverse Movie Ranked & Reviewed,every-monsterverse-movie-ranked-reviewed
"Every Ninja Turtles Movie Ranked, Reviewed, & Recapped",every-ninja-turtles-movie-ranked-reviewed-recapped
Every Pixar Movie Reviewed and Ranked,every-pixar-movie-reviewed-and-ranked
Every Spider-Man Movie Reviewed & Ranked,every-spider-man-movie-reviewed-ranked
Every Star Trek Movie Reviewed & Ranked,every-star-trek-movie-reviewed-ranked
Every Studio Ghibli Movie Reviewed and Ranked,every-studio-ghibli-movie-reviewed-and-ranked
Every Transformers Movie Reviewed & Ranked,every-transformers-movie-reviewed-ranked
Every X-Men Movie Reviewed & Ranked,every-x-men-movie-reviewed-ranked
Evil Craig,evil-craig
Extra Life,extra-life
F**KFACE,f-kface
F**KFACE Break Show,f-kface-break-show
F**KFACE Regulation Animation,f-kface-regulation-animation
F**kface Off,f-kface-off
F-ing Around with Ify and Fiona,f-ing-around-with-ify-and-fiona
FAQ Podcast [Funhaus Answers Questions],faq-podcast-funhaus-answers-questions
FIRST Member Vlog,sponsor-vlog
FIRST Play,let-s-firt
Face Jam,face-jam
Face Jam Animated,face-jam-animated
Face Jam's Truck'd Up!,face-jam-s-truck-d-up
Fails of the Weak,fails-of-the-weak
Fan Service,fan-service
Filmhaus Podcast,filmhaus-podcast
Five Facts,five-facts
Five Fun Facts,five-fun-facts
Five Nights at Freddy's Songs,five-nights-at-freddy-s-songs
Foreign Import,foreign-import
Frame Trap,frame-trap
Fullhaus,fullhaus
Funhaus Live,funhaus-live
Funhaus Plays GTA 5,funhaus-plays-gta-5
Funhaus Podcast,funhaus-podcast
Funhaus Unfiltered,funhaus-unfiltered
Funhaus Variety!,funhaus-shorts
GMOD Sandbox,gmod-sandbox
GO!,go
GORQ's Quest,gorq-s-quest
GUINNESS WORLD RECORDS,guinness-world-records
Game Fails,game-fails
Game News,game-news
Game Time,game-time
Game of Thrones Final Season In Review,game-of-thrones-final-season-in-review
Gameplay,gameplay
Gaming Weekly,gaming-weekly
Get Fact,get-fact
Glitch Please,glitch-please
Glitch Please: New Game +,new-game
Good Morning From Hell,good-morning-from-hell
Google Trends,google-trends
Great Moments in Video Game History,great-moments-in-video-game-history
Halo 4: Forward Unto Dawn,halo-4-forward-unto-dawn
Halo Songs,halo-songs
Happy Hour,happy-hour
Hard Mode,hard-mode
Hard News,hard-news
Hardcore Mini Golf,hardcore-mini-golf
Hardcore Tabletop,hardcore-tabletop
Hardcore Tabletop Presents: The Red Dragon Inn,hardcore-tabletop-presents-the-red-dragon-inn
Harry Potter by the Super Carlin Brothers,harry-potter-by-the-super-carlin-brothers
Hat Chat,hat-chat
Hat Films,hat-films
Haunter,achievement-haunter
Heroes & Halfwits,heroes-halfwits
Heroes & Halfwits Post Show,heroes-halfwits-post-show
High Rollers: Aerois,high-rollers-aerois
How Hard Could it Be?,how-hard-could-it-be
How To,how-to
Hypothetical Nonsense,hypothetical-nonsense
I Have Notes,i-have-notes
Imaginary Achievements,imaginary-achievements
Immersion,immersion
Improv Ambush,improv-ambush
In Review,in-review
Infinights,infinights
Inside Gaming Daily,inside-gaming-daily
Inside Gaming Explains,inside-gaming-explains
Inside Gaming Extras,inside-gaming-extras
Inside Gaming Features,inside-gaming-features
Inside Gaming Live!,inside-gaming-live
Inside Gaming Podcast,inside-gaming-podcast
Inside Gaming Reviews,inside-gaming-reviews
Inside Gaming Roundup,news-roundups
Inside Gaming Special,inside-gaming-special
Internet Explorerz,internet-explorerz
Is it Good,is-it-good
J vs Ben by the Super Carlin Brothers,j-vs-ben-by-the-super-carlin-brothers
JT Music Behind the Scenes,jt-music-behind-the-scenes
JT Music Raps LIVE,jt-music-raps-live
KF Vlogs,kf-vlogs
Keeping the Lights On,keeping-the-lights-on
Kinda Funny AF,kinda-funny-af
Kinda Funny Doodles,kinda-funny-doodles
Kinda Funny First Impressions,kinda-funny-first-impressions
Kinda Funny Gameplay,kinda-funny-gameplay
Kinda Funny Games Daily,kinda-funny-games-daily
Kinda Funny Gamescast,kinda-funny-gamescast
Kinda Funny In Review,kinda-funny-in-review
Kinda Funny Live,kinda-funny-live
Kinda Funny Live Reactions,live-reactions
Kinda Funny Podcast,kinda-funny-podcast
Kinda Funny Xcast,kinda-funny-xcast
Kinda Funny: The Animated Series,kinda-funny-the-animated-series
Know Your Thrones,know-your-thrones
Last Laugh,last-laugh
Lazer Team,lazer-team
Let Me Clarify,let-me-clarify
Let's Blend,let-s-blend
Let's Build,let-s-build
Let's Pine,let-s-pine
Let's Play,lets-play
Let's Play GTA V,let-s-play-gta-v
Let's Play Gmod,let-s-play-gmod
Let's Play Live: Life on Tour,let-s-play-live-life-on-tour
Let's Play Minecraft,let-s-play-minecraft
Let's Roll,let-s-roll
Let's Watch,let-s-watch
Lifestyle Classic,lifestyle-classic
Live from WZRD,live-from-wzrd
Love & Sex Stuff,love-sex-stuff
LvL Up,lvl-up
Marvel by the Super Carlin Brothers,marvel-by-the-super-carlin-brothers
Master and Apprentice,master-and-apprentice
MegaCraft,megacraft
Metal Gear Ben,metal-gear-ben
"Million Dollars, But...",million-dollars-but
Minecraft Horror Story,minecraft-horror-story
Minecraft Songs,minecraft-songs
Mini-Series,mini-series
Minimations,minimations
Model Employees,model-employees
Morning Haus,morning-haus
Murder Room,murder-room
Murder Room: After The Verdict,murder-room-after-the-verdict
Music Videos,sp7-music-videos
Must Be Dice,must-be-dice
Mysterious Monsters,mysterious-monsters
Nature Town,nature-town
Neon Konbini,neon-konbini
Nerdtastic,nerdtastic
Newsroom,newsroom
Nick Names,nick-names
No Dumb Answers with Mark & Brad,no-dumb-answers-with-mark-brad
No Idea,no-idea-ikea
Nomad of Nowhere,nomad-of-nowhere
OT3 Podcast,ot3-podcast
Off Topic,off-topic-the-achievement-hunter-podcast
Off Topic: Last Call,last-call
On The Spot,on-the-spot
On the Spot: For The Win,for-the-win
One Minute Melee,one-minute-melee
Open Haus,open-haus
Out of the Box,out-of-the-box
Overwatch Songs,overwatch-songs
PANICS,panics
PS I Love You XOXO,ps-i-love-you-xoxo
Pajamachievements,pajamachievements
Party Mode,party-mode
Past Cast,past-cast
Past Livestreams,past-livestreams
Photoshop Battles,photoshop-battles
Pilot Program,pilot-program
Play Pals,play-pals
Please Be Nice To Me,please-be-nice-to-me
Podcast But Outside,podcast-but-outside
Quick Bits,quick-bits
RT Animated Adventures,rt-animated-adventures
RT D&D,rt-dd
RT Docs,rt-docs
RT Extras,rt-extras
RT Inbox,rt-inbox
RT Life,rt-life
RT News,rt-news
RT Podcast Let's Play,rt-podcast-let-s-play
RT Recap,rt-recap
RT Shorts,rt-shorts
RT Showcase,rt-showcase
RT Specials,rt-specials
RT Sponsor Cut,rt-sponsor-cut
RT Twitch,rt-twitch
RTES,rtes
RTTV Specials,rttv-specials
RTX,rtx
RWBY,rwby
RWBY Chibi,rwby-chibi
RWBY Complete,rwby-complete
RWBY Rewind,rwby-rewind
RWBY VTubing,rwby-vtubing
RWBY: Fairy Tales,rwby-fairy-tales
RWBY: Ice Queendom,rwby-ice-queendom
RWBY: The Grimm Campaign,rwby-the-grimm-campaign
RWBY: World of Remnant,world-of-remnant
Rage Quit,rage-quit
Random Awesomeness,random-awesomeness
Rap Battles,rap-battles
Ready Set Show,ready-set-show
Reasons We Love,reasons-we-love
Reboot or Retro,reboot-or-retro
Recorded by Arizal,recorded-by-arizal
Recreyo,recreyo
Red Web,red-web
Red Web Animated,red-web-animated
Red Web: Book Club,red-web-book-club
Red Web: Case Files,red-web-case-files
Red vs. Blue Complete,red-vs-blue-complete
Red vs. Blue PSA,red-vs-blue-psa
Red vs. Blue: Anthology,anthology
Red vs. Blue: Blood Gulch Chronicles,blood-gulch-chronicles
Red vs. Blue: Family Shatters,red-vs-blue-family-shatters
Red vs. Blue: Project Freelancer Saga,project-freelancer-saga
Red vs. Blue: Restoration,red-vs-blue-restoration
Red vs. Blue: The Chorus Trilogy,the-chorus-trilogy
Red vs. Blue: The Recollection,the-recollection
Red vs. Blue: The Shisno Trilogy,the-shisno-trilogy
Red vs. Blue: Zero,zero
Relationship Goals,relationship-goals
Retroactive,retroactive
Roasted,roasted
Role Initiative,role-initiative
Rooster Teeth Backstage,rooster-teeth-backstage
Rooster Teeth Celebrates 20 Years of Making Fun,rooster-teeth-celebrates-20-years-of-making-fun
Rooster Teeth Podcast,rt-podcast
Rooster Teeth Podcast Post Show,rooster-teeth-podcast-post-show
RouLetsPlay,rou-lets-play
STF Gaming,squad-team-force-streams
STF Sketches,stf-sketches
Schooled,schooled
Screen Play,screen-play
Screencast,screencast
ScrewAttack Illustrated,screw-attack-illustrated
ScrewAttack Presents: Top 10,top-10s
ScrewAttack Shorts,clip-of-the-week
Select All,select-all
Select All Gaming,select-all-gaming
Select All Kickback,select-all-kickback
Sex Swing,sex-swing
Shenanigans,shenanigans
Ship Hits the Fan Podcast,ship-hits-the-fan-podcast
SideScrollers Podcast,sidescrollers
Simon's Peculiar Portions,peculiar-portions
So...Alright,so-alright
Social Disorder,social-disorder
Songs About Games,songs-about-games
Specials,specials
Sportsball,sportsball
Star Wars In Review,star-wars-in-review
Star Wars by the Super Carlin Brothers,star-wars-by-the-super-carlin-brothers
State Farm Gamerhood Challenge,state-farm-gamerhood-challenge
Stay Zen,stay-zen
Stinky Dragon Adventures,stinky-dragon-adventures
Stinky Dragon Shorts,stinky-dragon-shorts
Stroyent,stroyent
Sunday Driving,sunday-driving
Survive Block Island,survive-block-island
TTT,ttt
Tales from the Stinky Dragon,tales-from-the-stinky-dragon
Talk CRWBY to Me,talk-crwby-to-me
Tech and Science News,tech-and-science-news
Ten Little Roosters,ten-little-roosters
That Sketch,that-sketch
The #1 Show,the-1-show
The Armory,the-armory
The Best Ever,the-best-ever
The Bungalow: The Business of Rooster Teeth,the-bungalow
The Dogbark Podcast,the-dogbark-podcast
The Eleven Little Roosters,eleven-little-roosters
The Gauntlet,the-gauntlet
The Industry,the-industry
The Mind of Steven Suptic,the-mind-of-steven-suptic
The Most,the-most
The Patch,the-patch
The Patch Game Club,the-patch-game-club
The PlayStation VR Show,the-playstation-vr-show
The Real Canon,the-real-canon
The Ship-it Show,the-ship-it-show
The Slow Mo Guys,the-slow-mo-guys
The Strangerhood,the-strangerhood
The Stuff Dreams Are Made Of,the-stuff-dreams-are-made-of
The Weird Place,the-weird-place
The Woods,the-woods
Things to Do In,things-to-do-in
This Just Internet,this-just-internet
This is...,this-is
Titanfall Dropouts,titanfall-dropouts
Top 10,top-10
Trailers,trailers
Transformers,transformers
Trash for Trash,trash-4-trash
Trials Files,trials-files
Trials Pig,trials-pig
Triforce,triforce
Trivia Bidet,trivia-bidet
Tuesday Night Game Fight,tuesday-night-game-fight
Tuesday Night Game Fight: Post Fight Battle,post-fight-battle
Twits and Crits,twits-crits
Twits and Crits: The League of Extraordinary Jiremen,the-league-of-extraordinary-jiremen
UNO: Infinite,uno-infinite
Uncharted Drake's Fortune | The Definitive Playthrough,uncharted-drake-s-fortune-the-definitive-playthrough
VR the Champions,vr-the-champions
VS,vs
Vicious Circle,vicious-circle
Video Game Vault,video-game-vault
We Have Cool Friends,we-have-cool-friends
What Do You Know,what-do-you-know
What's Good Games,whatsgoodgames
Who is,who-is
Why We're Going to Hell,why-we-re-going-to-hell
Wrestling With The Week,wrestling-with-the-week
Wrong Side of YouTube,wrong-side-of-you-tube
X-Ray and Vav,x-ray-and-vav
YOUR SHOW,it-s-your-show
gen:LOCK,gen-lock
un:LOCKED,un-locked
